"feature","chi2_score_single_blind","p_values_single_blind","sample_count_single_blind","correlation_to_single_blind"
"betaferon",136.8637685695496,1.2914835261891768e-31,16,0.04758999310581129
"betaseron",118.76016575071624,1.1818963585781947e-27,12,0.03936664819274246
"observer",113.6354799671674,1.566069239128566e-26,87,0.04758999310581136
"bivalent",109.09464342998962,1.5471911701481842e-25,25,0.04758999310581134
"assessor",97.56335361286453,5.2160400853309997e-23,127,0.0346672867553648
"aprocitentan",96.1811331191432,1.0483922529582129e-22,7,0.036826684239984975
"rht",96.1811331191432,1.0483922529582129e-22,12,0.06411043287026655
"cleansing",88.6138269761707,4.7992285484436245e-21,19,0.06730392012229501
"gonal",85.69572482538199,2.0986614547409514e-20,64,0.047589993105811364
"biodegradation",84.84573033837914,3.2257662932995576e-20,5,0.04891293726652194
"technologies",76.55517991121424,2.141450447155088e-18,10,0.058969423152256444
"evicel",69.69549585209188,6.920395207077059e-17,11,0.05527314343902526
"serogroup",67.82694398272945,1.7849359918527842e-16,42,0.047589993105811315
"verblindete",67.16658566278889,2.4950737390734197e-16,44,0.047589993105811315
"lice",65.62971250712782,5.441221550477658e-16,115,0.04758999310581137
"cssti",64.95124028089204,7.677449219530509e-16,16,0.04758999310581129
"tedizolid",63.433979549522995,1.6583261599359983e-15,12,0.038197824986828145
"remyelinate",60.95972392832984,5.825448477315491e-15,6,0.047589993105811315
"infertile",60.07499836998307,9.131087863428769e-15,11,0.047589993105811315
"oi",60.07499836998307,9.131087863428769e-15,7935,0.04758999310581134
"unpreserved",58.91906111517865,1.6429293553456446e-14,24,0.04758999310581131
"evaluable",58.91906111517865,1.6429293553456446e-14,22,0.042840506407832483
"simple",58.285065544221425,2.2675896161352686e-14,98,0.047589993105811315
"licensed",58.206882521025236,2.3595213895741425e-14,31,0.0602303196773134
"lot",56.90478619970674,4.5743119328947276e-14,1442,0.06730392012229502
"follitropin",56.67559663818083,5.1397447961697186e-14,72,0.09181202671258962
"cutis",55.8795099016236,7.705144472692852e-14,7,0.04758999310581129
"glaucomatous",54.64746136514235,1.4421048558659203e-13,17,0.04758999310581134
"custodiol",53.60057514470175,2.4568747196824133e-13,6,0.04497927945991773
"ineither",52.86630489448909,3.570424054537064e-13,3,0.05195734964752492
"benzoyl",52.84036711847143,3.6178868891943655e-13,17,0.05015968547950549
"peroxide",52.84036711847143,3.6178868891943655e-13,20,0.09181202671258962
"undergoingassisted",51.91364843319064,5.79958788706148e-13,5,0.04651010176832419
"sddpi",51.31201555913719,7.87918958977687e-13,20,0.09181202671258962
"clindamycin",51.08357067015493,8.851605213345592e-13,19,0.0740797529434731
"rdr",50.808361224869785,1.0183895886215358e-12,30,0.06422225387584722
"moviprep",50.507738762529314,1.1869582546226102e-12,12,0.06657046886294095
"reproductive",49.94000832148685,1.5851923629916938e-12,57,0.07403937223496643
"retard",48.90949905921829,2.680494264347043e-12,32,0.04758999310581136
"single",47.64202876091997,5.115983482704021e-12,3519,0.042354232299797616
"satiation",46.815809948849534,7.798176198754178e-12,3,0.04758999310581129
"volatile",46.48731422514493,9.221351348187513e-12,6,0.0548252971749497
"sealant",46.02958238350196,1.16480784559913e-11,28,0.06730392012229502
"podium",45.74126223859551,1.3494997050993406e-11,8,0.04758999310581134
"rosacea",45.25430852009347,1.730394395479378e-11,37,0.09488437792028169
"intragastric",44.08506482007223,3.1441077345560774e-11,7,0.047589993105811364
"blinded",44.047148555723055,3.205605111154575e-11,1352,0.04758999310581141
"cream",43.368507205010204,4.5342731132596776e-11,172,0.04758999310581136
"pharma",43.1490853980628,5.072360208405546e-11,3695,0.04758999310581139
"oligo",42.81710867408856,6.010419685519007e-11,55,0.04758999310581129
"healthy",42.63360955955423,6.601527940869332e-11,596,0.13788448967921202
"imetelstat",42.12582585146451,8.558541350348495e-11,11,0.06730392012229502
"anovulatory",41.542991939406114,1.153070867201504e-10,10,0.047589993105811364
"latanoprost",40.61071382356963,1.857852019516307e-10,56,0.05901801817063325
"hyperglycaemia",39.616399832992506,3.0907686420426225e-10,8,0.04758999310581129
"colonoscopy",39.18138158239195,3.862055589414999e-10,30,0.047589993105811364
"voorbereiding",38.64979080154065,5.070869242548411e-10,4,0.06290772279145261
"sperimental",38.10340512861455,6.709294111970942e-10,7,0.047589993105811315
"explorarory",38.00218002536351,7.066562832162846e-10,7,0.04758999310581136
"supervised",38.00218002536351,7.066562832162846e-10,7,0.047589993105811315
"adhexilTM",37.62995236801549,8.552112440888163e-10,0,0.04304757031770543
"malathion",37.35560988883054,9.843732066372476e-10,4,0.047589993105811405
"cannabinoid",37.1089021256864,1.1171255612971726e-09,7,0.06730392012229502
"paracervical",36.53185254122763,1.5019176481575766e-09,3,0.04758999310581133
"groupphase",36.281646975669325,1.7076441220589062e-09,13,0.04758999310581131
"mrrhtsh",35.38792939207313,2.701559500198035e-09,5,0.08242963591209253
"goiter",35.38792939207313,2.701559500198035e-09,5,0.05735906975028565
"multinodular",35.38792939207313,2.701559500198035e-09,5,0.04758999310581133
"aneurysms",35.290796457294284,2.8397083462777755e-09,5,0.04758999310581132
"oedema",34.90214118618337,3.466993862527534e-09,122,0.04597419631212291
"fitness",34.5848200395781,4.080761851931512e-09,6,0.07285245463398742
"woq",34.173809694180655,5.040275508744332e-09,3,0.1055437298714129
"anesthesia",33.95769945727867,5.632335878249061e-09,61,0.09515738762639561
"europeprevencion",33.920039703931245,5.742417234345733e-09,0,0.09518637791943503
"hiperglucemia",33.920039703931245,5.742417234345733e-09,5,0.047589993105811336
"einfach",33.89907398091138,5.804632112304047e-09,15,0.0475899931058113
"acne",33.87677094208229,5.871556615944136e-09,54,0.1208156163918731
"tumescent",33.78748067251159,6.147319032224724e-09,5,0.067303920122295
"picolax",33.02260747003436,9.109345500872803e-09,2,0.1034250372117796
"papulopustular",32.84135399680772,9.9994823301124e-09,26,0.04758999310581136
"grifols",32.768741151306806,1.038006848827531e-08,5,0.067303920122295
"hedrin",32.52346494319304,1.1776205923861739e-08,8,0.09181202671258962
"apofilgrastim",32.392246829280495,1.259881406235991e-08,5,0.0641432849350562
"assessorblindedstudy",32.392246829280495,1.259881406235991e-08,5,0.04758999310581135
"findingstudy",32.08675572618987,1.4743902652072348e-08,7,0.04758999310581132
"patiromer",32.0456258787451,1.505937897501836e-08,13,0.049433485505133934
"lyclear",31.838830143200102,1.675102107284072e-08,4,0.05094792191743101
"permethrin",31.838830143200102,1.675102107284072e-08,4,0.06730392012229502
"lotemax",31.710237255902758,1.789762871234538e-08,1,0.04758999310581134
"fertilisation",31.58621982763465,1.9077859004272138e-08,5,0.04758999310581134
"silmatulehduksen",31.468355503607402,2.0271716856088272e-08,0,0.047589993105811294
"steatosis",31.279278845784127,2.2345192713778936e-08,4,0.04758999310581132
"ovulation",31.104350302569777,2.4452275864833045e-08,24,0.067303920122295
"metadona",31.002756589619562,2.576622223083243e-08,2,0.06730392012229501
"metvix",30.81397917571084,2.839847381900372e-08,14,0.047589993105811294
"thr",30.478080333717564,3.376602117436562e-08,5926,0.04758999310581129
"fatt",30.35573348883364,3.596423678907285e-08,98,0.04758999310581135
"hypercapnic",30.127968222871683,4.044559697210812e-08,1,0.04758999310581134
"cyclein",30.021539302638075,4.272737660298129e-08,9,0.054831846891598486
"lutropin",30.021539302638075,4.272737660298129e-08,13,0.04758999310581128
"alfaand",30.021539302638075,4.272737660298129e-08,9,0.04366879586053367
"blindmulticentre",30.021539302638075,4.272737660298129e-08,10,0.04758999310581133
"follitropinalfa",30.021539302638075,4.272737660298129e-08,9,0.04758999310581129
"anassisted",30.021539302638075,4.272737660298129e-08,9,0.047589993105811385
"andembryology",30.021539302638075,4.272737660298129e-08,9,0.047589993105811294
"theeuropean",30.021539302638075,4.272737660298129e-08,9,0.04758999310581141
"anesthetic",29.772701263403725,4.8578439076456e-08,29,0.04085332399848568
"gel",29.659118012276696,5.1509767942411694e-08,626,0.043528343957550945
"konservierungsmittelfreien",29.605788435043348,5.2946589122244e-08,2,0.047589993105811315
"kertaa",29.11137668151185,6.83345293618493e-08,4,0.047589993105811336
"hp",29.089859552470493,6.909770868430844e-08,430,0.04758999310581138
"meningococo",28.668031703870096,8.591029649907531e-08,10,0.04822021788636588
"serogrupo",28.668031703870096,8.591029649907531e-08,10,0.047589993105811364
"lv",28.536498220715306,9.19487715653022e-08,1330,0.05420406740097348
"determinant",28.4861999199707,9.436871937150401e-08,10,0.04758999310581133
"creme",28.319026011775115,1.02879828647714e-07,50,0.047589993105811315
"vaccine",28.16642572323581,1.1131891273340038e-07,741,0.04758999310581131
"genras",27.973325913095916,1.2299929108236715e-07,1,0.04758999310581131
"trus",27.95774439066553,1.2399371318565637e-07,154,0.10369456833080158
"erythematotelangiectatic",27.552044717296226,1.5292361910034317e-07,2,0.04758999310581134
"darmvoorbereiding",27.439210161757316,1.6211081014197158e-07,1,0.0870121100706563
"linkszijdige",27.439210161757316,1.6211081014197158e-07,1,0.04758999310581132
"colonchirurgie",27.439210161757316,1.6211081014197158e-07,1,0.04309282418505767
"vsprasugrel",27.222222851576724,1.813620466877032e-07,1,0.039028459502426276
"elafin",27.18946876531608,1.844607165832143e-07,2,0.04758999310581129
"picosulfate",27.116818236385615,1.9152445043940827e-07,8,0.06856091674138405
"salt",27.116818236385615,1.9152445043940827e-07,17,0.04758999310581136
"meningococcal",27.023876885403244,2.009577357671832e-07,96,0.04758999310581131
"antipsoriatic",26.931660910494507,2.1077762546653905e-07,1,0.04758999310581136
"sufentanyl",26.464486314807605,2.6842788346037276e-07,1,0.04758999310581135
"consistency",26.40687559752971,2.7655430094824963e-07,22,0.05182486747797691
"fluval",26.35057339035902,2.847343674822766e-07,5,0.04758999310581129
"cpo",26.237072975991392,3.0196941352391533e-07,16,0.04758999310581129
"vantage",26.120986189427015,3.2067959181205407e-07,2,0.06734361385683746
"cec",26.120986189427015,3.2067959181205407e-07,48,0.04758999310581134
"intubating",26.06347132819185,3.303756507326272e-07,1,0.04758999310581136
"bail",25.90250437000051,3.5910295583189007e-07,6,0.06730392012229501
"uncoated",25.90250437000051,3.5910295583189007e-07,6,0.04056118409922071
"vulgaris",25.891598098243865,3.611376005279254e-07,77,0.047589993105811315
"sp",25.72661796087784,3.933640047985158e-07,14369,0.04758999310581137
"pentasa",25.556754874312354,4.295595917647178e-07,13,0.038471922589230774
"temporarily",25.53750933892974,4.3386566636321457e-07,4,0.04758999310581132
"monoprost",25.50417737249987,4.4142612622969255e-07,9,0.047589993105811294
"dnu",25.47929394624506,4.471562434991422e-07,20,0.07026367107479724
"leikkauksen",25.46276406359426,4.510038819602953e-07,24,0.049995076249188426
"gmbh",25.404180612434892,4.649095117432534e-07,5,0.08243197612143853
"prevents",25.33989140892178,4.806646817229972e-07,4,0.047589993105811405
"klean",25.307482149037202,4.888089514227276e-07,5,0.03540761347210479
"izinova",25.307482149037202,4.888089514227276e-07,5,0.0881411125896072
"electrolytes",25.307482149037202,4.888089514227276e-07,7,0.067303920122295
"eziclen",25.307482149037202,4.888089514227276e-07,5,0.04758999310581128
"prep",25.307482149037202,4.888089514227276e-07,293,0.04758999310581135
"octaplas",25.215886825608973,5.125821852259089e-07,1,0.0643214171280934
"vasculopathic",25.215886825608973,5.125821852259089e-07,1,0.047589993105811315
"picoprep",25.14854280835182,5.307974671753194e-07,1,0.0824319761214384
"tetravalent",25.13855037168436,5.335549760697588e-07,7,0.09181202671258962
"lipoprotein",25.10655407091088,5.42481658383463e-07,147,0.047589993105811294
"pergoveris",24.964592410738156,5.839288965324362e-07,20,0.04758999310581129
"intradural",24.836900779303104,6.239158150674172e-07,2,0.06730392012229501
"evaluables",24.783214141917156,6.415372395127409e-07,11,0.04758999310581129
"sutured",24.52823323294637,7.322891690699703e-07,9,0.04758999310581137
"setrons",24.447344274885577,7.636870922271328e-07,1,0.04758999310581134
"aprotonin",24.335502935433315,8.093354358117908e-07,1,0.08243197612143853
"toxoid",24.313971117663666,8.184328806878395e-07,14,0.08243197612143853
"erythromelalgia",24.277370707050896,8.341329026327393e-07,1,0.047589993105811336
"xpf",24.277370707050896,8.341329026327393e-07,1,0.047589993105811294
"kezelesselosszehasonlitva",24.260086105189323,8.416519009986599e-07,0,0.04758999310581134
"parhuzamoscsoportokon",24.260086105189323,8.416519009986599e-07,0,0.04758999310581129
"reagalokozepsulyos",24.260086105189323,8.416519009986599e-07,0,0.047589993105811294
"egyszeresen",24.260086105189323,8.416519009986599e-07,9,0.047589993105811364
"hatekonysaganakmeghatarozasara",24.260086105189323,8.416519009986599e-07,0,0.04758999310581134
"rivera",24.226879975684582,8.562881836462375e-07,1,0.0475899931058113
"nx",24.197933084049364,8.692551943988983e-07,165,0.05083568243279228
"degas",24.17200210247512,8.81038322284234e-07,9,0.047589993105811364
"pcb",24.152559981105995,8.899778370699144e-07,1,0.0526951253553561
"tissues",23.914236053609006,1.0072415619583184e-06,1,0.047589993105811294
"gonadotoxicos",23.45985886663854,1.2754741284924542e-06,1,0.047589993105811364
"heplisavTM",23.397999614472873,1.3171543531362156e-06,0,0.047589993105811405
"softacort",23.229395962801668,1.437826390424339e-06,1,0.047589993105811405
"augentropfen",23.218139237589423,1.44626710780243e-06,10,0.04758999310581132
"metronidazole",23.21770327622135,1.446595005875852e-06,83,0.047589993105811364
"thrombocythaemia",23.20631991433221,1.4551831749211204e-06,20,0.04758999310581134
"anagrelide",23.20631991433221,1.4551831749211204e-06,19,0.04758999310581129
"evluate",23.194368555334428,1.4642549047810893e-06,1,0.04758999310581133
"acyclovir",22.786481709726147,1.8103464346227093e-06,10,0.04758999310581133
"observing",22.728866446444385,1.8654441976926164e-06,1,0.047589993105811315
"activability",22.728866446444385,1.8654441976926164e-06,1,0.05998050203953042
"technikaval",22.697025215814886,1.8966126095303814e-06,0,0.04758999310581131
"lotion",22.61838081436961,1.975852315281315e-06,14,0.047589993105811336
"clomid",22.601555599895867,1.9932315194873234e-06,1,0.04758999310581131
"tomuller",22.593795969099563,2.0012982321332215e-06,1,0.04758999310581139
"phlebectomy",22.593795969099563,2.0012982321332215e-06,1,0.0393306100966025
"competence",22.501888718873452,2.0993707706210617e-06,3,-0.10392426518617123
"urologic",22.501888718873452,2.0993707706210617e-06,54,0.04758999310581131
"amp",22.353327654228803,2.2681969094448196e-06,823,0.0475899931058114
"segment",22.339123248230603,2.2850356983426607e-06,187,0.04758999310581132
"procrit",22.315316872642093,2.3135389623368464e-06,8,0.047589993105811315
"apo",22.315316872642093,2.3135389623368464e-06,331,0.04758999310581133
"generale",22.2309599758089,2.4174411458071453e-06,2,0.04758999310581135
"impairments",21.96348267216912,2.778877981103259e-06,1,0.04758999310581136
"officinalis",21.96348267216912,2.778877981103259e-06,1,0.047589993105811336
"salvia",21.96348267216912,2.778877981103259e-06,1,0.05367228900270021
"anastomosis",21.93387707263837,2.82207848358175e-06,7,0.08243197612143842
"monohidrato",21.921382893685045,2.8405115829539396e-06,1,0.09155337457664414
"lansoprazol",21.885466421782162,2.894175935819778e-06,29,0.047589993105811315
"adapalene",21.86857876940376,2.9197589409666066e-06,13,0.04758999310581133
"nanobody",21.66761384748762,3.242191341685582e-06,6,0.034097187279893526
"meconium",21.64856325328547,3.2745519115191004e-06,1,0.067303920122295
"evacuation",21.64856325328547,3.2745519115191004e-06,1,0.047589993105811315
"hyperstimulation",21.6357973686867,3.296418022190262e-06,12,0.08243197612143853
"police",21.627392053714722,3.3108950374368424e-06,3,0.047589993105811385
"sport",21.607972073180466,3.344587763619308e-06,150,0.047589993105811315
"bloqueo",21.57036668945945,3.410812553537856e-06,13,0.04758999310581136
"aulogous",21.57002663669011,3.411417365870036e-06,1,0.04758999310581136
"erosion",21.57002663669011,3.411417365870036e-06,2,0.04758999310581136
"shampoo",21.39553521564274,3.7364026817010576e-06,6,0.0475899931058113
"mid",21.21205282185139,4.1117069347589296e-06,2726,0.047589993105811385
"synchronisation",21.21205282185139,4.1117069347589296e-06,3,0.0475899931058113
"receptivity",21.21205282185139,4.1117069347589296e-06,4,0.052356078616446936
"follicle",21.21205282185139,4.1117069347589296e-06,3,0.04758999310581139
"carteolol",21.207908381306776,4.120607491253808e-06,4,0.04758999310581139
"sensation",21.207908381306776,4.120607491253808e-06,4,0.041898998040430166
"cardiotocographic",21.174529524854126,4.193000124116582e-06,1,0.047589993105811315
"trace",21.174529524854126,4.193000124116582e-06,206,0.04758999310581135
"eyedrops",21.168674074122567,4.205830482631794e-06,10,0.0475899931058113
"hmg",21.166596310647602,4.210392704945142e-06,44,0.034614751723804
"caudal",21.035512251219718,4.508489821386454e-06,3,0.04758999310581132
"yearsensayo",21.017663947121456,4.55068459048972e-06,5,0.04758999310581135
"lotes",21.017663947121456,4.55068459048972e-06,4,0.04758999310581139
"blindedtrial",21.017663947121456,4.55068459048972e-06,4,0.047589993105811405
"kivunhoidossa",20.85662322089972,4.94977696872727e-06,3,0.04758999310581133
"folitropina",20.656281831773725,5.495658121181748e-06,17,0.067303920122295
"parenchymal",20.63173541457802,5.566569291909592e-06,3,0.08243197612143853
"sachet",20.564574973693347,5.765315752270459e-06,29,0.06730392012229501
"tartrate",20.529648787144875,5.871471443539166e-06,49,0.04758999310581138
"videolaparoscopic",20.484093232590354,6.012888441746133e-06,1,0.10035068418368388
"reproduction",20.456786938357407,6.0992883702095485e-06,17,0.0800190628233486
"suoliresektiota",20.423266498644143,6.20705622881297e-06,1,0.04758999310581136
"resectionsuolen",20.423266498644143,6.20705622881297e-06,1,0.04758999310581135
"valmistelu",20.423266498644143,6.20705622881297e-06,1,0.08242727485107929
"ennen",20.423266498644143,6.20705622881297e-06,5,0.04758999310581137
"neurotransmitters",20.36525025104368,6.39811440851599e-06,2,0.08243197612143843
"aiheuttaman",20.330223007781395,6.516312166280338e-06,2,0.04898920632088604
"volumes",20.3130138210995,6.575184245791948e-06,12,0.0549945276040219
"csstiklinicke",20.279950402772208,6.6897956437421045e-06,0,0.067303920122295
"fosfat",20.279950402772208,6.6897956437421045e-06,37,0.045627168868300476
"drink",20.243991557616905,6.816721567257552e-06,1,0.04758999310581134
"general",20.226533468728558,6.879213282522028e-06,313,0.06720421427258824
"injectioncontrolled",20.145880331636047,7.175462625538923e-06,0,0.0475899931058113
"rezisztens",20.136086283897978,7.212298711052019e-06,12,0.04758999310581139
"divided",20.096094113987025,7.3646926766848084e-06,2,0.03523815390931521
"azad",20.0885800283947,7.393684511356221e-06,18,0.03901947276933988
"brinzolamid",20.0885800283947,7.393684511356221e-06,69,0.06730392012229501
"alcon",20.0885800283947,7.393684511356221e-06,10,0.03728326807716777
"szemcseppszuszpenzio",20.0885800283947,7.393684511356221e-06,0,0.06406622074900142
"omv",20.02824159519124,7.630682960009799e-06,13,0.046042659563740186
"rmenb",20.02824159519124,7.630682960009799e-06,3,0.06730242163626438
"openings",19.914501152384535,8.098372513368687e-06,1,0.04758999310581129
"labialis",19.894303267539257,8.184384189400045e-06,12,0.04758999310581137
"investigator",19.749173939832726,8.829985123087158e-06,401,0.0475899931058113
"brimonidine",19.72114408526472,8.960445673904942e-06,48,0.047589993105811315
"ttrap",19.691198514697877,9.101961595377065e-06,6,0.04758999310581137
"buckberg",19.685823461476673,9.127599392343845e-06,1,0.047589993105811364
"cardioplexol",19.685823461476673,9.127599392343845e-06,1,0.06594734558918984
"swiss",19.685823461476673,9.127599392343845e-06,1,0.067303920122295
"society",19.624536098023974,9.42510372020312e-06,17,0.04758999310581132
"multifollicular",19.516527676203552,9.973302353651043e-06,24,0.10493615974074263
"volatiles",19.50589634506037,1.002896326329219e-05,0,0.09181202671258962
"protectores",19.50589634506037,1.002896326329219e-05,2,0.067303920122295
"senna",19.448725984109714,1.0333674548865794e-05,1,0.039163606402810164
"citramag",19.448725984109714,1.0333674548865794e-05,1,0.04758999310581136
"tecnologia",19.40961858729768,1.0547450257317983e-05,0,0.04758999310581129
"embriologia",19.40961858729768,1.0547450257317983e-05,0,0.06730392012229501
"sociedad",19.40961858729768,1.0547450257317983e-05,6,0.06730392012229501
"definicion",19.40961858729768,1.0547450257317983e-05,0,0.04758999310581134
"multifolicular",19.40961858729768,1.0547450257317983e-05,6,0.0475899931058113
"europea",19.40961858729768,1.0547450257317983e-05,326,0.047589993105811294
"criteriaensayo",19.40961858729768,1.0547450257317983e-05,6,0.04758999310581139
"deficiente",19.40961858729768,1.0547450257317983e-05,9,0.036072964923262146
"jalkeisessa",19.228645947466877,1.159602064774431e-05,0,0.030650821534611686
"katetripuudutus",19.228645947466877,1.159602064774431e-05,1,0.06108849486089693
"laparotomian",19.228645947466877,1.159602064774431e-05,2,0.055294726876481216
"rektustupen",19.228645947466877,1.159602064774431e-05,1,0.04758999310581136
"keskiviiva",19.228645947466877,1.159602064774431e-05,1,0.06730392012229502
"sisainen",19.228645947466877,1.159602064774431e-05,0,0.041025104711922215
"artiss",19.204233685822167,1.1745261502660812e-05,2,0.04758999310581139
"dorsi",19.204233685822167,1.1745261502660812e-05,2,0.047589993105811315
"latissimus",19.204233685822167,1.1745261502660812e-05,2,0.06730392012229502
"ketamina",19.17742773424085,1.1911358615375415e-05,11,0.09297732177541891
"singol",19.17742773424085,1.1911358615375415e-05,116,0.067303920122295
"toracotomy",19.17742773424085,1.1911358615375415e-05,1,0.04758999310581139
"martial",19.154990176659773,1.205220012665484e-05,1,0.04758999310581132
"modulation",19.15305787465514,1.2064407201428634e-05,40,0.0476628470030177
"desflurane",19.12344248059328,1.2253059742802371e-05,6,0.06728719793672082
"carrier",19.077822915897258,1.2549473334154027e-05,60,0.06730392012229498
"egg",19.07344311298754,1.2578307286234051e-05,32,0.04758999310581139
"sevofluraanianestesian",19.06145686046087,1.2657558103207984e-05,1,0.04758999310581132
"voimakkuus",19.06145686046087,1.2657558103207984e-05,1,0.1156809238367486
"regulationpxr",19.03904422564325,1.2807094124052673e-05,1,0.04758999310581139
"saatelyyn",19.03904422564325,1.2807094124052673e-05,0,0.07518693020987893
"pxr",19.03904422564325,1.2807094124052673e-05,3,0.049751515011919614
"verenpaineen",19.03904422564325,1.2807094124052673e-05,1,0.04946610274166958
"aktivaation",19.03904422564325,1.2807094124052673e-05,3,0.04758999310581129
"mmn",19.021856743583683,1.2922969047525243e-05,7,0.04758999310581136
"cysteine",18.995839905828692,1.3100376195476612e-05,34,0.08243197612143842
"menopur",18.957923888201215,1.3363312195837782e-05,11,0.04758999310581132
"polytherapy",18.759752576396824,1.4826320116000232e-05,1,0.09368169573297093
"techniques",18.736789405252907,1.5005929349447417e-05,26,0.06727993066242077
"establishing",18.67677991550963,1.5485687015117618e-05,6,0.03850936389863336
"gantacurium",18.66359519985335,1.5593142269050878e-05,3,0.04758999310581134
"preparation",18.59000946468207,1.620676741698761e-05,85,0.04758999310581135
"honey",18.572055219900303,1.6360131622404127e-05,1,0.047589993105811385
"cavities",18.572055219900303,1.6360131622404127e-05,1,0.04758999310581129
"nasumel",18.572055219900303,1.6360131622404127e-05,1,0.047589993105811294
"mastoid",18.572055219900303,1.6360131622404127e-05,1,0.06730392012229501
"sangustop",18.497327687008685,1.7014269243821537e-05,2,0.047479711827632325
"bound",18.497327687008685,1.7014269243821537e-05,12,0.04758999310581129
"esscaliver",18.497327687008685,1.7014269243821537e-05,2,0.04758999310581139
"montee",18.469652153231554,1.726314300728243e-05,0,0.05000415117534407
"laiteuse",18.469652153231554,1.726314300728243e-05,1,0.04758999310581139
"cesarienne",18.469652153231554,1.726314300728243e-05,1,0.04758999310581137
"reproduccion",18.382076518102355,1.8075024407693733e-05,0,0.047589993105811294
"mentalising",18.209387346898893,1.9790100617996677e-05,1,0.05545303873241114
"empathy",18.209387346898893,1.9790100617996677e-05,3,0.047589993105811364
"overdose",18.196168010882843,1.9927938569195383e-05,4,0.04758999310581129
"understanding",18.196168010882843,1.9927938569195383e-05,3,0.04758999310581129
"heroin",18.196168010882843,1.9927938569195383e-05,3,0.04758999310581131
"anaesthetic",18.146153444946794,2.0458224961222606e-05,16,0.06303846792710793
"hyperoxic",18.119634832050657,2.0745119931990332e-05,2,0.03167548886147119
"deconditioned",18.119634832050657,2.0745119931990332e-05,1,0.04758999310581131
"inherent",18.115648867181427,2.0788590652413516e-05,1,0.04758999310581131
"interchangeability",18.03320860229579,2.170848775969529e-05,2,0.04758999310581134
"enriched",18.02551268508947,2.1796421322510676e-05,43,0.06852426952348598
"depuis",18.02106158544075,2.1847442844336406e-05,4,0.06730392012229502
"cingulate",17.98102462647872,2.231180155052375e-05,1,0.04758999310581129
"fluanxol",17.98102462647872,2.231180155052375e-05,1,0.04758999310581131
"electrophysiological",17.98102462647872,2.231180155052375e-05,7,0.04758999310581129
"cortex",17.98102462647872,2.231180155052375e-05,7,0.04758999310581134
"multifokal",17.928108817854792,2.2940782668688886e-05,1,0.047589993105811385
"immunglobulin",17.928108817854792,2.2940782668688886e-05,3,0.0454846067256681
"arginin",17.90801544320452,2.3184261787479844e-05,31,0.0436974713031319
"vasodilatorischen",17.90801544320452,2.3184261787479844e-05,1,0.047589993105811385
"schock",17.90801544320452,2.3184261787479844e-05,2,0.04758999310581134
"dpnb",17.88022534560372,2.352528976107406e-05,1,0.04758999310581134
"landmark",17.88022534560372,2.352528976107406e-05,1,0.07220201676765547
"circumcision",17.88022534560372,2.352528976107406e-05,1,0.04758999310581137
"dorsal",17.88022534560372,2.352528976107406e-05,1,0.047589993105811315
"sfinx",17.87941985883086,2.353524915092357e-05,1,0.04758999310581139
"street",17.87941985883086,2.353524915092357e-05,1,0.047589993105811336
"whengiven",17.735633895960596,2.5382706135957946e-05,3,0.04758999310581134
"endoret",17.717679736193265,2.5623402068146926e-05,4,0.04758999310581131
"mnb",17.709672643631734,2.5731484467682417e-05,3,0.04023108555458194
"bivalirubin",17.68956189641522,2.600497061489746e-05,3,0.06730392012229502
"taxus",17.68956189641522,2.600497061489746e-05,6,0.047589993105811405
"working",17.622424225802604,2.693930638957869e-05,16,0.09518637791943514
"reaktionen",17.49132424426625,2.8862175227361174e-05,1,0.047589993105811364
"konditionierung",17.49132424426625,2.8862175227361174e-05,11,0.04475004256676534
"immunologischer",17.49132424426625,2.8862175227361174e-05,1,0.04758999310581137
"mitoxantrontherapie",17.49132424426625,2.8862175227361174e-05,1,0.04758999310581138
"klassische",17.49132424426625,2.8862175227361174e-05,7,0.067303920122295
"distressed",17.471411018738927,2.916607840606768e-05,1,0.047589993105811294
"haemodynamic",17.468215515639667,2.9215144725120797e-05,29,0.04848893660679045
"xalatan",17.391865750665527,3.0412472327287182e-05,22,0.04758999310581132
"lep",17.388519585515322,3.0466060992563687e-05,2395,0.04758999310581132
"actinica",17.30521372978828,3.183122921086025e-05,0,0.04758999310581138
"luz",17.30521372978828,3.183122921086025e-05,48,0.04758999310581137
"keratosisestudio",17.30521372978828,3.183122921086025e-05,4,0.047589993105811385
"fotodinamico",17.30521372978828,3.183122921086025e-05,0,0.04092939750600986
"fotodinamicometvix",17.30521372978828,3.183122921086025e-05,0,0.04758999310581129
"queratosis",17.30521372978828,3.183122921086025e-05,4,0.047589993105811385
"convehiculo",17.30521372978828,3.183122921086025e-05,0,0.06638548756478332
"daylight",17.30521372978828,3.183122921086025e-05,8,0.04758999310581129
"hypoalbuminamie",17.301323945539842,3.189645427141332e-05,0,0.067303920122295
"substition",17.301323945539842,3.189645427141332e-05,1,0.047589993105811364
"disorderseinfluss",17.301323945539842,3.189645427141332e-05,1,0.047589993105811385
"perioperativen",17.301323945539842,3.189645427141332e-05,5,0.04288359656600378
"vax",17.2694972722037,3.2435204414346104e-05,148,0.061457301794205825
"stent",17.24372630765557,3.287814014916604e-05,1253,0.04758999310581134
"obtained",17.228649329593434,3.314008766761514e-05,9,0.038792286525730565
"ktcol",17.225181292128216,3.3200637510198325e-05,1,0.04758999310581132
"medikinet",17.202966303440846,3.35911439640767e-05,3,0.04758999310581129
"prepuberal",17.202966303440846,3.35911439640767e-05,3,0.047589993105811385
"laparoscopische",17.191867552355212,3.378796955206174e-05,3,0.067303920122295
"surgeryspinaal",17.191867552355212,3.378796955206174e-05,1,0.03326951448897146
"morfine",17.191867552355212,3.378796955206174e-05,3,0.047589993105811385
"cervarix",17.17653533030241,3.406177983612142e-05,4,0.042669689199264116
"personas",17.064254958844298,3.613609490146137e-05,10,0.047589993105811294
"nascit",17.01844265512293,3.701850210667029e-05,5,0.047589993105811315
"minoxidil",16.920049850893875,3.8987596505546934e-05,10,0.05490971726867523
"leuven",16.910291386752217,3.918853872794622e-05,2,0.047589993105811385
"tight",16.910291386752217,3.918853872794622e-05,4,0.047589993105811315
"alanyoknal",16.86461474853361,4.014302335048745e-05,0,0.03811776120348695
"ossitocina",16.841759609741004,4.0629354937765844e-05,1,0.06730392012229501
"prosocial",16.841759609741004,4.0629354937765844e-05,1,0.06730392012229502
"prosociale",16.841759609741004,4.0629354937765844e-05,1,0.047589993105811385
"dopaminergica",16.841759609741004,4.0629354937765844e-05,1,0.047589993105811385
"effectsmodulazione",16.841759609741004,4.0629354937765844e-05,1,0.04758999310581135
"ozlase",16.766938097986827,4.226329574570035e-05,1,0.04758999310581129
"timosan",16.72265411232895,4.326131883104212e-05,1,0.08243197612143842
"trninghos",16.70410858593367,4.368628482728016e-05,0,0.04758999310581136
"personer",16.70410858593367,4.368628482728016e-05,19,0.05328858343470041
"mellitusvirkningen",16.70410858593367,4.368628482728016e-05,1,0.04758999310581139
"fostimon",16.65109172852131,4.4924444874519675e-05,4,0.067303920122295
"vegzett",16.58414792188523,4.6538389752585336e-05,1,0.0475899931058113
"stada",16.577699594428466,4.669689774101859e-05,13,0.047589993105811294
"differentformulations",16.577699594428466,4.669689774101859e-05,2,0.047589993105811385
"timolol",16.54249387099719,4.757191966450846e-05,101,0.04435687847914683
"diclofenak",16.504614092122342,4.853182622433372e-05,1,0.04758999310581139
"diklofenak",16.504614092122342,4.853182622433372e-05,1,0.067303920122295
"ophthalmopathy",16.504614092122342,4.853182622433372e-05,2,0.047589993105811315
"simvastatinbehandling",16.504614092122342,4.853182622433372e-05,1,0.04758999310581138
"dimeticone",16.474666419706807,4.930449303449174e-05,1,0.047589993105811364
"derbac",16.474666419706807,4.930449303449174e-05,2,0.04758999310581136
"extraction",16.473144415241237,4.934409024670819e-05,26,0.05342430655630816
"operatoire",16.45613437999512,4.9788813288608265e-05,4,0.047589993105811336
"ripasudil",16.436758196733532,5.030031106792996e-05,1,0.04758999310581129
"fuchs",16.436758196733532,5.030031106792996e-05,1,0.04758999310581131
"fecd",16.436758196733532,5.030031106792996e-05,1,0.04758999310581132
"descemetorhexis",16.436758196733532,5.030031106792996e-05,1,0.04758999310581134
"kaksi",16.367244283913013,5.217923342682298e-05,3,0.047589993105811315
"mehotrexate",16.23958691607049,5.581552359895721e-05,1,0.047589993105811385
"irrigation",16.15384109452011,5.840001781291136e-05,4,0.06688692361552968
"afterlaparotomyintraoperative",16.15384109452011,5.840001781291136e-05,1,0.04758999310581139
"postoperativenwundinfektionen",16.15384109452011,5.840001781291136e-05,1,0.04758999310581137
"wundspulung",16.15384109452011,5.840001781291136e-05,0,0.06164049960444066
"laparatomie",16.15384109452011,5.840001781291136e-05,1,0.047589993105811364
"implantable",16.070930409830893,6.1013477755131856e-05,13,0.04758999310581134
"janus",16.054572104150807,6.154284574429623e-05,25,0.04758999310581131
"juxtafoveal",16.04505481592537,6.185295594214668e-05,1,0.09420500933252869
"regimes",16.04505481592537,6.185295594214668e-05,17,0.09936716246755506
"avastintm",16.04505481592537,6.185295594214668e-05,1,0.047589993105811364
"neovascularisation",16.04505481592537,6.185295594214668e-05,11,0.04758999310581129
"organes",15.974465837921096,6.420261518004533e-05,2,0.06428696035673725
"donneur",15.974465837921096,6.420261518004533e-05,5,0.04758999310581133
"reins",15.974465837921096,6.420261518004533e-05,5,0.04758999310581136
"ud",15.948263986261395,6.509745276112345e-05,48200,0.09118739073262518
"rhfsh",15.84912383552859,6.859829051250555e-05,4,0.047589993105811294
"watson",15.84912383552859,6.859829051250555e-05,3,0.067303920122295
"xalacomtm",15.84543906852495,6.873199603265634e-05,3,0.05559991533062518
"cosopttm",15.84543906852495,6.873199603265634e-05,2,0.047589993105811336
"jaydess",15.826055282173844,6.94396851671124e-05,3,0.067303920122295
"tracking",15.793967041059528,7.062735271513836e-05,4,0.09181202671258962
"adaptivemessaging",15.793967041059528,7.062735271513836e-05,2,0.06730392012229501
"motivational",15.793967041059528,7.062735271513836e-05,4,0.056860970138556184
"administrationand",15.793967041059528,7.062735271513836e-05,2,0.06722397147952426
"ultibrobreezhaler",15.793967041059528,7.062735271513836e-05,0,0.047589993105811385
"notifications",15.793967041059528,7.062735271513836e-05,3,0.06653357057488375
"reminder",15.793967041059528,7.062735271513836e-05,7,0.047589993105811294
"infectopedicul",15.762035688073054,7.182949861838228e-05,1,0.047589993105811294
"paranix",15.762035688073054,7.182949861838228e-05,1,0.047589993105811294
"away",15.762035688073054,7.182949861838228e-05,1,0.06730392012229502
"adenoviruksen",15.734177751803701,7.289509050825988e-05,1,0.038681383503131946
"hoitoadenoviruksen",15.734177751803701,7.289509050825988e-05,1,0.04758999310581138
"optimaliseren",15.658072144645885,7.588797620859474e-05,3,0.04758999310581131
"sigmoidoscopie",15.658072144645885,7.588797620859474e-05,1,0.04758999310581132
"bisacodyl",15.658072144645885,7.588797620859474e-05,2,0.04758999310581138
"enkelblind",15.658072144645885,7.588797620859474e-05,1,0.04758999310581137
"klysma",15.658072144645885,7.588797620859474e-05,1,0.0421377364087772
"pludselig",15.642879427806045,7.650008031182204e-05,1,0.06309266909972641
"risikomarkrer",15.642879427806045,7.650008031182204e-05,0,0.08205555844389284
"hmodialysepatienter",15.642879427806045,7.650008031182204e-05,0,0.04062310470318716
"hjertedd",15.642879427806045,7.650008031182204e-05,0,0.05141113702640049
"polyumttede",15.642879427806045,7.650008031182204e-05,0,0.04758999310581137
"fedtsyrer",15.642879427806045,7.650008031182204e-05,1,0.04758999310581137
"physiopathology",15.639639422892063,7.663125909558714e-05,1,0.047589993105811385
"silymarin",15.639639422892063,7.663125909558714e-05,2,0.04758999310581129
"thoraco",15.633127051225228,7.68956118447623e-05,10,0.04758999310581135
"bare",15.622315052248489,7.73365242628468e-05,33,0.05735906975028565
"metal",15.622315052248489,7.73365242628468e-05,17,0.06112440178852928
"soccorso",15.598572832497954,7.831367561029977e-05,1,0.057957702553195614
"lanalgesia",15.598572832497954,7.831367561029977e-05,0,0.035852310958630035
"abdomen",15.598572832497954,7.831367561029977e-05,5,0.067303920122295
"departmenttrial",15.598572832497954,7.831367561029977e-05,1,0.04758999310581131
"nelladdome",15.598572832497954,7.831367561029977e-05,0,0.04758999310581132
"imovax",15.578006132086882,7.917016815500917e-05,7,0.03896581910678821
"biodrug",15.578006132086882,7.917016815500917e-05,1,0.04758999310581139
"vacdite",15.578006132086882,7.917016815500917e-05,1,0.03755930974070647
"nikotintrangen",15.542390793277798,8.06757069888966e-05,1,0.04758999310581133
"trangen",15.542390793277798,8.06757069888966e-05,1,0.047589993105811336
"lindre",15.542390793277798,8.06757069888966e-05,1,0.051243447622736006
"ryge",15.542390793277798,8.06757069888966e-05,2,0.04758999310581135
"slags",15.542390793277798,8.06757069888966e-05,1,0.04758999310581139
"nikotintyggegummi",15.542390793277798,8.06757069888966e-05,1,0.08052841113770126
"ratios",15.501378294809781,8.244511646992099e-05,1,0.04349367131710981
"autohaler",15.483006637682129,8.325034072488005e-05,2,0.05079482950593688
"antiagregacion",15.468408960997552,8.38957904140879e-05,0,0.047589993105811336
"effectendotic",15.468408960997552,8.38957904140879e-05,1,0.047589993105811315
"endotic",15.468408960997552,8.38957904140879e-05,1,0.047589993105811315
"endotelio",15.468408960997552,8.38957904140879e-05,2,0.04758999310581136
"complicaciones",15.445268882358484,8.492928307360375e-05,23,0.09485712947501466
"hialuronico",15.40065632734772,8.695808555554883e-05,0,0.06730392012229498
"kneeensayo",15.40065632734772,8.695808555554883e-05,1,0.047589993105811385
"app",15.378875767619357,8.796622430828434e-05,682,0.04758999310581137
"tocolitico",15.378875767619357,8.796622430828434e-05,0,0.08243197612143853
"threat",15.378875767619357,8.796622430828434e-05,32,0.0667311048310405
"amenaza",15.378875767619357,8.796622430828434e-05,3,0.06730392012229498
"prematureutilidad",15.378875767619357,8.796622430828434e-05,1,0.047589993105811385
"ocolytict",15.378875767619357,8.796622430828434e-05,1,0.04758999310581134
"tool",15.321196325385637,9.069316470244712e-05,9,0.047589993105811294
"rozex",15.305069217639106,9.147072010448653e-05,3,0.03682984009154698
"tetanus",15.24376112880155,9.448836328241719e-05,31,0.04758999310581129
"fostipur",15.2088510910171,9.625122827518162e-05,4,0.047589993105811315
"hfsh",15.2088510910171,9.625122827518162e-05,7,0.04758999310581129
"meriofert",15.2088510910171,9.625122827518162e-05,1,0.04758999310581136
"monovalent",15.177817163235234,9.784613271552498e-05,23,0.03314522567830293
"bowel",15.152105604564662,9.918763592759307e-05,277,0.047589993105811315
"vasopresseurs",15.12961763768173,0.00010037611422886496,2,0.04758999310581138
"carotidienne",15.12961763768173,0.00010037611422886496,3,0.047589993105811364
"hypotensions",15.12961763768173,0.00010037611422886496,1,0.047589993105811364
"remimazolam",15.108188421951315,0.00010152197144042777,4,0.047589993105811315
"adaptations",15.097183616420558,0.00010211552425542532,2,0.05460581697746115
"taxit",15.097183616420558,0.00010211552425542532,1,0.1387336684079306
"adalimumabbal",14.945067507778823,0.00011068704866033042,10,0.047589993105811364
"esmolol",14.890227798546228,0.00011395175873779646,6,0.051428774479505425
"auge",14.885074082354217,0.00011426350789483025,13,0.04758999310581134
"irritation",14.873433320399434,0.00011497082264486352,4,0.04758999310581134
"budpf",14.802894217521674,0.00011935218774836983,5,0.04541847893793278
"ludpf",14.802894217521674,0.00011935218774836983,5,0.06730392012229502
"tolerabilitatsstudie",14.802894217521674,0.00011935218774836983,0,0.06586056849883082
"iniziierte",14.802894217521674,0.00011935218774836983,2,0.0475899931058113
"intraokulardruck",14.802894217521674,0.00011935218774836983,2,0.04758999310581131
"glaukom",14.802894217521674,0.00011935218774836983,9,0.09518637791943514
"europaische",14.802894217521674,0.00011935218774836983,0,0.0769560662328682
"bacteriemias",14.787221811835552,0.00012034824119732618,3,0.04758999310581129
"oxacilin",14.787221811835552,0.00012034824119732618,2,0.05203663372940074
"clomiphene",14.76050644556658,0.00012206545363247398,2,0.04758999310581138
"patientsevaluacion",14.697483383110567,0.00012621483222134182,0,0.054693757699377704
"tubular",14.69150743734691,0.00012661557935485422,4,0.04758999310581129
"lots",14.655224287289958,0.00012907637820623437,54,0.047589993105811364
"remielinizacion",14.603765645924428,0.00013264921378687534,0,0.0475899931058113
"paivassa",14.555688340755925,0.00013607720764106362,0,0.04758999310581131
"vitamiinihoito",14.555688340755925,0.00013607720764106362,1,0.047589993105811315
"iakkaaan",14.555688340755925,0.00013607720764106362,0,0.047589993105811336
"kolme",14.555688340755925,0.00013607720764106362,6,0.047589993105811385
"ihmisen",14.555688340755925,0.00013607720764106362,1,0.07074878228655307
"vuodessa",14.555688340755925,0.00013607720764106362,1,0.04758999310581131
"duringopen",14.461724803088622,0.00014303666680701523,1,0.04758999310581138
"evarrest",14.461724803088622,0.00014303666680701523,4,0.04758999310581139
"parenchyma",14.461724803088622,0.00014303666680701523,5,0.047589993105811385
"glyceryl",14.35227100995977,0.0001515967264848918,10,0.05918406729149416
"trinitrate",14.35227100995977,0.0001515967264848918,10,0.06497159675671349
"controllability",14.33445808563035,0.0001530378439768289,1,0.047589993105811405
"combigan",14.330291370879284,0.0001533769294783671,2,0.04758999310581135
"sera",14.330291370879284,0.0001533769294783671,111,0.04758999310581134
"batrafen",14.296332124329387,0.0001561688812644788,1,0.08243197612143842
"immunoglobulines",14.266392557687759,0.00015867278143624823,4,0.04153875117499542
"genetics",14.207682039121494,0.00016370084566613022,362,0.04758999310581134
"epoetin",14.178189411827452,0.00016628688499038103,169,0.06573122073464552
"sammenligning",14.150710939033095,0.00016873333007192003,21,0.054541697385689716
"asm",14.134248403437189,0.00017021634317510877,671,0.047589993105811364
"uniformidad",14.064252806129096,0.00017666983923262386,5,0.04758999310581136
"cefepime",14.053917762164787,0.0001776433770826573,29,0.0368909623566925
"ibsa",14.033718663814845,0.00017956171543420424,11,0.04259338155901709
"clincal",14.025897252211438,0.00018031011852983036,5,0.06031176521765988
"patientblinded",14.025897252211438,0.00018031011852983036,1,0.04758999310581129
"ileostomy",14.025897252211438,0.00018031011852983036,1,0.04758999310581131
"deltagerblindet",14.025897252211438,0.00018031011852983036,1,0.06722397147952426
"ileostomioutput",14.025897252211438,0.00018031011852983036,1,0.07285245463398742
"studyloperamid",14.025897252211438,0.00018031011852983036,1,0.04569253094224544
"nikotinove",13.927972701768532,0.00018995047439743145,0,0.05108691987215139
"vykonech",13.927972701768532,0.00018995047439743145,0,0.04758999310581137
"kriticky",13.927972701768532,0.00018995047439743145,1,0.04758999310581131
"surgeryprevence",13.927972701768532,0.00018995047439743145,0,0.09452860865410223
"velkych",13.927972701768532,0.00018995047439743145,0,0.04758999310581138
"kinzalmono",13.880574799633631,0.00019480148396575282,1,0.04758999310581137
"endothelfunktion",13.880574799633631,0.00019480148396575282,3,0.04758999310581133
"hamodialysebehandlung",13.880574799633631,0.00019480148396575282,0,0.04758999310581136
"peripherique",13.873144824814272,0.00019557315158293462,0,0.04758999310581136
"pudendal",13.873144824814272,0.00019557315158293462,1,0.06730392012229501
"fusidate",13.81628048604405,0.00020158189834954088,1,0.03408784784818557
"fistula",13.807896315459208,0.00020248343622727844,39,0.051818232089547174
"insuman",13.751596899370048,0.00020864336982339806,4,0.04758999310581139
"minimed",13.751596899370048,0.00020864336982339806,4,0.08243197612143852
"medtronic",13.751596899370048,0.00020864336982339806,4,0.0475899931058113
"insuplant",13.751596899370048,0.00020864336982339806,4,0.047589993105811385
"menacwy",13.742752292512755,0.0002096281090801914,18,0.04758999310581139
"heliox",13.73412121708675,0.00021059358861706234,5,0.04758999310581134
"volunteers",13.691033220213715,0.00021548088048569015,167,0.04758999310581129
"radiostereometric",13.622369130776562,0.00022350646444511347,1,0.04758999310581139
"acetabular",13.622369130776562,0.00022350646444511347,3,0.04758999310581134
"impaction",13.622369130776562,0.00022350646444511347,2,0.067303920122295
"personality",13.621336569633858,0.00022362942335204814,5,0.06107871403034375
"molars",13.596281701896892,0.00022663397770910336,3,0.04758999310581131
"pulpotomy",13.596281701896892,0.00022663397770910336,1,0.047589993105811294
"serological",13.546014316610448,0.00023278523684184258,12,0.03571651155113295
"anticancer",13.40811655663592,0.00025053784803356183,23,0.04758999310581133
"training",13.392383764418025,0.0002526480954390742,34,0.0548252971749497
"tenotomy",13.386804637906671,0.00025340072157168205,1,0.04034698372937529
"epicondilitis",13.386804637906671,0.00025340072157168205,1,0.0398544986094227
"epicondylitisestudio",13.386804637906671,0.00025340072157168205,1,0.047589993105811336
"tenotomia",13.386804637906671,0.00025340072157168205,0,0.047589993105811336
"influenza",13.30283610690042,0.00026500495734348877,396,0.04758999310581138
"fribromyalgiaeficacia",13.273119572427122,0.00026923880978077465,1,0.04758999310581129
"trapezius",13.273119572427122,0.00026923880978077465,1,0.04758999310581132
"trapecio",13.273119572427122,0.00026923880978077465,1,0.04758999310581137
"fascial",13.273119572427122,0.00026923880978077465,6,0.04758999310581131
"rhbmp",13.238821688901227,0.00027421022900313204,27,0.04758999310581135
"room",13.232243157403802,0.0002751743003970289,14,0.04758999310581133
"rehydration",13.21866732217003,0.0002771746281834203,2,0.0426929729998212
"praparaten",13.21866732217003,0.0002771746281834203,0,0.047589993105811315
"studyakute",13.21866732217003,0.0002771746281834203,1,0.06730392012229501
"padiatrie",13.21866732217003,0.0002771746281834203,0,0.04758999310581134
"rehydrations",13.21866732217003,0.0002771746281834203,1,0.04758999310581129
"laxativa",13.199989315591326,0.0002799507138741029,1,0.04758999310581135
"ingreep",13.199989315591326,0.0002799507138741029,1,0.06728719793672082
"phospho",13.199989315591326,0.0002799507138741029,135,0.08243197612143842
"fleet",13.199989315591326,0.0002799507138741029,2,0.04758999310581139
"hyperkalemie",13.15360049755383,0.00028696728936358345,0,0.067303920122295
"skladajici",13.15360049755383,0.00028696728936358345,0,0.043567788369957026
"hyperkalemiajednoduse",13.15360049755383,0.00028696728936358345,0,0.047589993105811315
"mebutate",13.07509991588497,0.00029924725645650413,7,0.047589993105811315
"levomenthol",13.072286035641328,0.0002996971401152404,1,0.04758999310581139
"zemuron",13.031735664095924,0.0003062565799855143,1,0.04758999310581139
"rapportees",13.004402798495002,0.00031075943626982487,0,0.04758999310581131
"vesicale",13.004402798495002,0.00031075943626982487,0,0.047589993105811385
"neurogene",13.004402798495002,0.00031075943626982487,4,0.04758999310581138
"hyperactivite",13.004402798495002,0.00031075943626982487,1,0.04758999310581136
"intradetrusoriennes",13.004402798495002,0.00031075943626982487,0,0.047589993105811315
"cnto",13.003858017944854,0.00031084985948895763,91,0.08028051502299345
"dea",12.991085604228967,0.00031297745626102455,319,0.06389640485721489
"hydroxyethylpyrrolidine",12.991085604228967,0.00031297745626102455,3,0.07104763762177188
"flector",12.991085604228967,0.00031297745626102455,6,0.10164977093558297
"transitory",12.98771337303444,0.0003135416401370171,1,0.047589993105811385
"postoperatory",12.98771337303444,0.0003135416401370171,1,0.04758999310581129
"hipocalcemia",12.98771337303444,0.0003135416401370171,1,0.07962237205382092
"transitoria",12.98771337303444,0.0003135416401370171,3,0.047589993105811405
"thyroidectomyensayo",12.98771337303444,0.0003135416401370171,1,0.06419765377202867
"hypocalcemia",12.98771337303444,0.0003135416401370171,2,0.04166467837721134
"prime",12.96528738859789,0.00031731974668781346,625,0.032336402782730284
"propofol",12.937889882739272,0.00032199776390575286,65,0.0475899931058114
"catecholaminergic",12.892375420560214,0.00032992342713994964,3,0.09488437792028169
"oocyte",12.878496774370292,0.0003323791069229604,12,0.04641962069137209
"procalcitonina",12.862882954253731,0.00033516384803020067,1,0.0475899931058113
"sierici",12.862882954253731,0.00033516384803020067,3,0.04758999310581139
"basato",12.862882954253731,0.00033516384803020067,2,0.04758999310581133
"cumulative",12.861252196331389,0.00033545604902932285,7,0.04758999310581129
"rovid",12.774562298131677,0.00035136482351407297,67,0.0475899931058114
"identified",12.761376259212259,0.00035385044576155024,15,0.07284944620006262
"f",12.73711661687745,0.00035846991035286567,62298,0.059264139413678224
"plaquetas",12.653426241642718,0.0003748780252411713,18,0.04758999310581137
"double",12.590173512861567,0.0003877801422479745,29506,0.047589993105811364
"tumeszenzlosungsapplikation",12.575314733368174,0.0003908754121704485,0,0.047589993105811315
"gestutzte",12.575314733368174,0.0003908754121704485,0,0.05494178264919408
"schaumsklerosierung",12.575314733368174,0.0003908754121704485,1,0.047589993105811405
"duplex",12.575314733368174,0.0003908754121704485,1,0.04758999310581138
"sclerotherapy",12.575314733368174,0.0003908754121704485,3,0.06730392012229501
"dkks",12.575314733368174,0.0003908754121704485,1,0.04758999310581131
"krampfadern",12.575314733368174,0.0003908754121704485,1,0.052333088563675904
"tla",12.575314733368174,0.0003908754121704485,114,0.04758999310581135
"katheter",12.575314733368174,0.0003908754121704485,7,0.06636129049912302
"coloscopie",12.57427140417591,0.0003910936848534256,5,0.047589993105811405
"acceptatie",12.57427140417591,0.0003910936848534256,3,0.047589993105811315
"movioprep",12.57427140417591,0.0003910936848534256,1,0.04758999310581141
"duracionclinical",12.557715250899077,0.00039457386537481993,0,0.04160318474730111
"tunelizados",12.557715250899077,0.00039457386537481993,2,0.047589993105811315
"venosos",12.557715250899077,0.00039457386537481993,12,0.09142206627986987
"cierre",12.557715250899077,0.00039457386537481993,2,0.08202116762355571
"lock",12.557715250899077,0.00039457386537481993,387,0.06194171819780511
"cateteres",12.557715250899077,0.00039457386537481993,0,0.04758999310581131
"etanol",12.557715250899077,0.00039457386537481993,1,0.04758999310581128
"agee",12.471067918186314,0.0004133037383287526,12,0.047589993105811385
"traumatique",12.471067918186314,0.0004133037383287526,3,0.04758999310581131
"hypobare",12.471067918186314,0.0004133037383287526,1,0.10509888402461068
"unilaterale",12.471067918186314,0.0004133037383287526,0,0.08205555844389284
"minimale",12.471067918186314,0.0004133037383287526,3,0.04758999310581132
"personne",12.471067918186314,0.0004133037383287526,2,0.04758999310581138
"majorpulmonary",12.418450389651552,0.0004251128418235906,1,0.04758999310581134
"intercostallevobupivacaine",12.418450389651552,0.0004251128418235906,1,0.04758999310581136
"videothorascocopyeficacia",12.418450389651552,0.0004251128418235906,0,0.047589993105811315
"deksmedetomidiini",12.404208002266161,0.00042836745144877824,5,0.04758999310581133
"xalacom",12.226962385610785,0.00047103824307085556,22,0.0475899931058113
"spersadex",12.182353593373138,0.00048243734333572026,1,0.04758999310581137
"isopto",12.182353593373138,0.00048243734333572026,1,0.04758999310581133
"prufer",12.182353593373138,0.00048243734333572026,0,0.10177100674703302
"hipertoniaban",12.149111742738995,0.0004911124887690028,0,0.047589993105811364
"administraciones",12.11624618847292,0.0004998442268981877,4,0.11471480891021564
"intubation",12.079728405236473,0.0005097302245134584,8,0.04758999310581135
"tracheal",12.079728405236473,0.0005097302245134584,5,0.047589993105811385
"ciclo",12.053843605968165,0.0005168570047912724,303,0.04758999310581131
"bovine",12.046279786008084,0.0005189584558013363,3,0.047589993105811364
"glutamer",12.046279786008084,0.0005189584558013363,1,0.04758999310581129
"hboc",12.046279786008084,0.0005189584558013363,1,0.08243197612143853
"ocular",12.008075316008064,0.000529705320969595,291,0.06723668229272148
"pimecrolimus",11.866072234221079,0.0005716584816011972,15,0.047589993105811364
"submitted",11.844985653568203,0.0005781682082618932,6,0.062020475268186666
"enos",11.842834067795643,0.0005788366273745045,783,0.06726742070157765
"testing",11.707350158371824,0.0006225370666017439,73,0.04758999310581137
"stopping",11.647619479926055,0.0006428474680447933,12,0.04758999310581132
"inflammationklinische",11.614697981400834,0.0006543266250853391,1,0.06113382975429571
"hydrokortison",11.614697981400834,0.0006543266250853391,3,0.04758999310581132
"augenoberflache",11.614697981400834,0.0006543266250853391,0,0.047589993105811405
"chronischem",11.614697981400834,0.0006543266250853391,1,0.03646584310487308
"trockenen",11.614697981400834,0.0006543266250853391,2,0.04758999310581133
"assoziiert",11.614697981400834,0.0006543266250853391,17,0.05272224718022227
"crx",11.614245859196894,0.000654485705105048,17,0.046526433001590144
"avibactam",11.589287002894524,0.0006633283968046227,53,0.04758999310581129
"safamd",11.575951276533686,0.0006681024859647244,1,0.04758999310581136
"supplementazione",11.575951276533686,0.0006681024859647244,4,0.04758999310581139
"crocus",11.575951276533686,0.0006681024859647244,1,0.04758999310581134
"retinica",11.575951276533686,0.0006681024859647244,2,0.04758999310581129
"zafferano",11.575951276533686,0.0006681024859647244,1,0.04172816271697182
"dietetica",11.575951276533686,0.0006681024859647244,1,0.04758999310581129
"estratto",11.575951276533686,0.0006681024859647244,6,0.0475899931058114
"sativus",11.575951276533686,0.0006681024859647244,1,0.047589993105811385
"fosfomicina",11.516714233517321,0.0006897319661809411,5,0.08243197612143843
"sciatic",11.503625732849954,0.0006946056614266266,7,0.047589993105811405
"acetylcysteine",11.48762674748883,0.000700610399303048,25,0.04758999310581138
"cardioproteccion",11.470417789124982,0.0007071278205149596,0,0.047589993105811315
"traslacion",11.470417789124982,0.0007071278205149596,0,0.04758999310581134
"conocimiento",11.470417789124982,0.0007071278205149596,1,0.047589993105811315
"conferida",11.470417789124982,0.0007071278205149596,1,0.047589993105811294
"isquemia",11.470417789124982,0.0007071278205149596,9,0.067303920122295
"responsables",11.470417789124982,0.0007071278205149596,1,0.06730392012229502
"duac",11.45932706531416,0.00071136055078133,2,0.05178954716088164
"differin",11.45932706531416,0.00071136055078133,12,0.034308065282848806
"declino",11.432380228234393,0.0007217516660540644,1,0.047589993105811315
"mentale",11.432380228234393,0.0007217516660540644,9,0.067303920122295
"fluoxetina",11.432380228234393,0.0007217516660540644,1,0.07118472560478661
"mentali",11.432380228234393,0.0007217516660540644,3,0.04930914113246562
"sperimentale",11.432380228234393,0.0007217516660540644,4,0.11051079005852717
"psico",11.432380228234393,0.0007217516660540644,16,0.08243197612143853
"ceftazidime",11.384137320196189,0.000740739462317222,62,0.08187965869098338
"gonadotropins",11.300777799947934,0.0007747462834608626,1,0.06690794598691725
"folliculogenesis",11.300777799947934,0.0007747462834608626,1,0.04758999310581139
"azitromicina",11.268960267996746,0.000788138597271089,4,0.04758999310581139
"purulenta",11.268960267996746,0.000788138597271089,4,0.04270702674962669
"behavior",11.261422385858731,0.0007913454957794583,51,0.05135553930279742
"longue",11.11547998790445,0.0008561016629086563,2,0.047589993105811405
"pemphigus",11.11547998790445,0.0008561016629086563,6,0.09181202671258962
"woundsensayo",11.111830376896918,0.0008577879390580908,1,0.04758999310581131
"cures",11.111830376896918,0.0008577879390580908,2,0.05506781586932735
"complejas",11.111830376896918,0.0008577879390580908,3,0.04758999310581134
"heridas",11.111830376896918,0.0008577879390580908,4,0.05015968547950549
"broncopleural",11.075894066376977,0.000874572409131827,1,0.04758999310581138
"bronchopleural",11.075894066376977,0.000874572409131827,1,0.04758999310581138
"surgeryvaloracion",11.075894066376977,0.000874572409131827,0,0.04758999310581138
"cpm",11.042448839415224,0.0008904915801788127,32,0.04758999310581129
"fibrin",11.041859740204371,0.0008907745878873143,101,0.04758999310581134
"gastrografin",11.013930024410225,0.0009042971063228141,1,0.044403301344937494
"propofoli",10.991057007931316,0.0009155258118621408,3,0.04758999310581132
"glioblastomaestudio",10.960691446842523,0.0009306508349077315,1,0.04758999310581135
"esophagic",10.942733210891081,0.0009397144274086567,1,0.047589993105811315
"bucodispersable",10.942733210891081,0.0009397144274086567,1,0.04758999310581134
"sprayed",10.942733210891081,0.0009397144274086567,1,0.067303920122295
"vestipitant",10.930960044654633,0.0009457047742484859,5,0.04758999310581138
"microgramos",10.910341193347605,0.0009562891061172592,7,0.04286239421865217
"flint",10.813696026857361,0.0010075196148889949,1,0.04758999310581135
"officers",10.813696026857361,0.0010075196148889949,1,0.06052523915912478
"femur",10.805320824853858,0.0010120878435873198,28,0.04758999310581135
"chirurgie",10.800659522114977,0.0010146394048150484,66,0.04288359656600378
"keratoses",10.730262203482605,0.00105397510732966,23,0.047589993105811315
"stulln",10.634363270733672,0.001110054970394296,2,0.043660029412529146
"ophtha",10.634363270733672,0.001110054970394296,108,0.04758999310581138
"strata",10.634363270733672,0.001110054970394296,31,0.047589993105811364
"keto",10.634363270733672,0.001110054970394296,115,0.04758999310581129
"halbseitenvergleich",10.634363270733672,0.001110054970394296,3,0.04758999310581129
"allergischen",10.634363270733672,0.001110054970394296,2,0.04758999310581134
"zaditen",10.634363270733672,0.001110054970394296,1,0.04758999310581134
"intraindividuellen",10.634363270733672,0.001110054970394296,3,0.04758999310581129
"prufarzt",10.634363270733672,0.001110054970394296,0,0.04758999310581131
"augenentzundungen",10.634363270733672,0.001110054970394296,0,0.034957198935211146
"kombinalt",10.584790363118383,0.0011402182530158493,0,0.0476628470030177
"abstinence",10.54842671698025,0.0011628702796600617,9,0.04758999310581137
"causado",10.536431482996734,0.0011704419177132322,4,0.047589993105811364
"monozentrische",10.492652539073969,0.0011985018703621626,27,0.06472738752353226
"reference",10.453910339780455,0.001223900895848773,316,0.04758999310581138
"adjuvanted",10.442073140834417,0.0012317693749392415,55,0.03393363864399825
"intraprostatica",10.40452003714439,0.0012570723180219433,0,0.06472859898974866
"custodiollosung",10.387572252980219,0.0012686632335086258,0,0.047589993105811315
"nierenlebendspendentransplantationen",10.387572252980219,0.0012686632335086258,1,0.04758999310581133
"organperfusion",10.387572252980219,0.0012686632335086258,1,0.047589993105811294
"einzel",10.387572252980219,0.0012686632335086258,27,0.06479053647484297
"hyperkalemia",10.365971848282568,0.0012835931016169793,17,0.047589993105811315
"controlledrandomizedtwo",10.361379051647758,0.001286790427959762,3,0.08242963591209253
"evaluadores",10.361379051647758,0.001286790427959762,6,0.08243197612143854
"labelassessor",10.361379051647758,0.001286790427959762,3,0.047589993105811385
"blindedmulticenter",10.361379051647758,0.001286790427959762,3,0.05714106762617062
"armopen",10.361379051647758,0.001286790427959762,3,0.04758999310581131
"nexium",10.351241210440563,0.0012938765629753564,8,0.10035068418368388
"intestinale",10.303037608667902,0.0013281141027038433,26,0.04758999310581136
"penicillin",10.264616600016966,0.0013560591551288381,8,0.07142981457111881
"mujer",10.227813065454777,0.0013833859114718806,206,0.047589993105811336
"separadas",10.227813065454777,0.0013833859114718806,2,0.047589993105811385
"itus",10.227813065454777,0.0013833859114718806,1871,0.04758999310581141
"mixtures",10.216729397928349,0.0013917243079609519,3,0.04758999310581134
"deux",10.198323380566597,0.0014056839834335549,50,0.04758999310581141
"dosisvergleich",10.14016170984336,0.0014507343606678792,2,0.04758999310581134
"rheology",10.073695983494035,0.0015040102894826135,2,0.047589993105811315
"femoral",10.063654254163962,0.0015122298377681872,56,0.06591133773098459
"taste",10.053211177839325,0.0015208261672703272,21,0.04758999310581138
"rico",10.047099014823266,0.0015258804015607671,5010,0.04758999310581133
"vizsgalos",10.04429001419735,0.001528208906238567,0,0.13141490385749238
"hypertensioban",10.04429001419735,0.001528208906238567,0,0.047589993105811315
"maszkolt",10.04429001419735,0.001528208906238567,6,0.04758999310581129
"zugu",10.04429001419735,0.001528208906238567,0,0.039370537953768645
"keresztezeses",10.04429001419735,0.001528208906238567,0,0.0475899931058114
"glaucomaban",10.04429001419735,0.001528208906238567,0,0.047589993105811385
"ocularis",10.04429001419735,0.001528208906238567,3,0.047589993105811385
"generikus",10.04429001419735,0.001528208906238567,3,0.06730392012229502
"jak",10.042364353451763,0.0015298072502949675,289,0.04758999310581134
"inmunogenia",9.98936346344917,0.0015744702031723395,12,0.06607472175033205
"tutkimukseen",9.923366401812928,0.0016319362531418008,1,0.04758999310581138
"acetylcholine",9.91010584546481,0.001643736647581514,61,0.046018364178561026
"elaprase",9.904725883785904,0.0016485488201488001,9,0.048621800552290775
"chimiotherapies",9.845599257348939,0.0017023852482403088,0,0.08205177208138337
"saignements",9.845599257348939,0.0017023852482403088,3,0.047589993105811385
"tranexamique",9.845599257348939,0.0017023852482403088,2,0.05776394281068252
"intensives",9.845599257348939,0.0017023852482403088,1,0.047589993105811385
"thrombopeniques",9.845599257348939,0.0017023852482403088,0,0.04758999310581138
"thromboelastography",9.845599257348939,0.0017023852482403088,1,0.0475899931058114
"thromboelastogramme",9.845599257348939,0.0017023852482403088,0,0.047589993105811315
"pustular",9.826737834323607,0.0017199311892823574,38,0.06730392012229498
"stay",9.78958866197754,0.00175502717852802,4,0.04667553647770786
"partially",9.773981695693813,0.0017699872337323588,108,0.04758999310581135
"ge",9.742748065540269,0.0018003154905798422,16901,0.04758999310581134
"corneal",9.736298437434025,0.0018066434767359358,18,0.04277612347324254
"trimester",9.676283218130859,0.0018666185394334452,4,0.04758999310581137
"nefopam",9.627123518103936,0.001917246461206309,0,0.05278496625781413
"meno",9.606730783662291,0.0019386546784336514,1094,0.0475899931058113
"craniostenose",9.577495088329886,0.001969769713270178,0,0.067303920122295
"martiale",9.577495088329886,0.001969769713270178,1,0.04758999310581129
"dhemoglobine",9.577495088329886,0.001969769713270178,0,0.047589993105811405
"depoetine",9.577495088329886,0.001969769713270178,0,0.047589993105811385
"gyogyszervizsgalat",9.573013683410792,0.0019745837470514977,0,0.06730392012229502
